<metadata xml:lang="en"><Esri><CreaDate>20210518</CreaDate><CreaTime>23395600</CreaTime><ArcGISFormat>1.0</ArcGISFormat><ArcGISstyle>North American Profile of ISO19115 2003</ArcGISstyle><SyncOnce>FALSE</SyncOnce><DataProperties><lineage><Process ToolSource="c:\program files (x86)\arcgis\desktop10.2\ArcToolbox\Toolboxes\Data Management Tools.tbx\CalculateField" Date="20210518" Time="233956">CalculateField KOMPILASI_20210517\ADMINISTRASI_LN_KABKOTA_V1 NAMOBJ "!NAMOBJ! .title()" PYTHON_9.3 #</Process><Process ToolSource="c:\program files (x86)\arcgis\desktop10.2\ArcToolbox\Toolboxes\Data Management Tools.tbx\CalculateField" Date="20210518" Time="234049">CalculateField KOMPILASI_20210517\ADMINISTRASI_LN_KABKOTA_V1 REMARK !REMARK!.title() PYTHON_9.3 #</Process><Process ToolSource="c:\program files (x86)\arcgis\desktop10.2\ArcToolbox\Toolboxes\Data Management Tools.tbx\CalculateField" Date="20210518" Time="234205">CalculateField KOMPILASI_20210517\ADMINISTRASI_LN_KABKOTA_V1 UUPP !UUPP!.title() PYTHON_9.3 #</Process><Process ToolSource="c:\program files (x86)\arcgis\desktop10.2\ArcToolbox\Toolboxes\Data Management Tools.tbx\CalculateField" Date="20210518" Time="234223">CalculateField KOMPILASI_20210517\ADMINISTRASI_LN_KABKOTA_V1 WAKBK1 !WAKBK1!.title() PYTHON_9.3 #</Process><Process ToolSource="c:\program files (x86)\arcgis\desktop10.2\ArcToolbox\Toolboxes\Data Management Tools.tbx\CalculateField" Date="20210518" Time="234232">CalculateField KOMPILASI_20210517\ADMINISTRASI_LN_KABKOTA_V1 WAKBK2 !WAKBK2!.title() PYTHON_9.3 #</Process><Process ToolSource="c:\program files (x86)\arcgis\desktop10.2\ArcToolbox\Toolboxes\Data Management Tools.tbx\CalculateField" Date="20210518" Time="234245">CalculateField KOMPILASI_20210517\ADMINISTRASI_LN_KABKOTA_V1 WAPRO1 !WAPRO1!.title() PYTHON_9.3 #</Process><Process ToolSource="c:\program files (x86)\arcgis\desktop10.2\ArcToolbox\Toolboxes\Data Management Tools.tbx\CalculateField" Date="20210518" Time="234254">CalculateField KOMPILASI_20210517\ADMINISTRASI_LN_KABKOTA_V1 WAPRO2 !WAPRO2!.title() PYTHON_9.3 #</Process><Process ToolSource="c:\program files (x86)\arcgis\desktop10.8\ArcToolbox\Toolboxes\Conversion Tools.tbx\FeatureClassToFeatureClass" Date="20210722" Time="125214">FeatureClassToFeatureClass ADMINISTRASI_LN_KABKOTA_V1 "Database Connections\RBI25K to dbpub.sde\RBI25K.BATASWILAYAH" ADMINISTRASI_LN_2021 # "NAMOBJ "Nama Objek" true true false 250 Text 0 0 ,First,#,ADMINISTRASI_LN_KABKOTA_V1,NAMOBJ,-1,-1;FCODE "Feature Code" true true false 50 Text 0 0 ,First,#,ADMINISTRASI_LN_KABKOTA_V1,FCODE,-1,-1;REMARK "Catatan" true true false 250 Text 0 0 ,First,#,ADMINISTRASI_LN_KABKOTA_V1,REMARK,-1,-1;METADATA "METADATA" true true false 50 Text 0 0 ,First,#,ADMINISTRASI_LN_KABKOTA_V1,METADATA,-1,-1;SRS_ID "Spatial Reference System Identifier" true true false 50 Text 0 0 ,First,#,ADMINISTRASI_LN_KABKOTA_V1,SRS_ID,-1,-1;ADMIN1 "Kode PUM Administrasi #1
" true true false 50 Text 0 0 ,First,#,ADMINISTRASI_LN_KABKOTA_V1,ADMIN1,-1,-1;ADMIN2 "Kode PUM Administrasi #2
" true true false 50 Text 0 0 ,First,#,ADMINISTRASI_LN_KABKOTA_V1,ADMIN2,-1,-1;KARKTR "Karakteristik Batas
" true true false 4 Long 0 0 ,First,#,ADMINISTRASI_LN_KABKOTA_V1,KARKTR,-1,-1;KLBADM "Kelas Batas Wilayah
" true true false 4 Long 0 0 ,First,#,ADMINISTRASI_LN_KABKOTA_V1,KLBADM,-1,-1;PJGBTS "Panjang batas
" true true false 8 Double 0 0 ,First,#,ADMINISTRASI_LN_KABKOTA_V1,PJGBTS,-1,-1;STSBTS "Status batas
" true true false 4 Long 0 0 ,First,#,ADMINISTRASI_LN_KABKOTA_V1,STSBTS,-1,-1;TIPLOK "Tipe Lokasi
" true true false 4 Long 0 0 ,First,#,ADMINISTRASI_LN_KABKOTA_V1,TIPLOK,-1,-1;TIPTBT "Tipe Batas
" true true false 4 Long 0 0 ,First,#,ADMINISTRASI_LN_KABKOTA_V1,TIPTBT,-1,-1;UUPP "Referensi Peraturan
" true true false 50 Text 0 0 ,First,#,ADMINISTRASI_LN_KABKOTA_V1,UUPP,-1,-1;WADKC1 "Wilayah Administrasi Kecamatan atau Distrik 1" true true false 50 Text 0 0 ,First,#,ADMINISTRASI_LN_KABKOTA_V1,WADKC1,-1,-1;WADKC2 "Wilayah Administrasi Kecamatan atau Distrik 2" true true false 50 Text 0 0 ,First,#,ADMINISTRASI_LN_KABKOTA_V1,WADKC2,-1,-1;WAKBK1 "Wilayah Administrasi Kabupaten atau Kota 1
" true true false 50 Text 0 0 ,First,#,ADMINISTRASI_LN_KABKOTA_V1,WAKBK1,-1,-1;WAKBK2 "Wilayah Administrasi Kabupaten atau Kota 2
" true true false 50 Text 0 0 ,First,#,ADMINISTRASI_LN_KABKOTA_V1,WAKBK2,-1,-1;WAKLD1 "Nama wilayah administrasi Kelurahan atau Desa 1
" true true false 50 Text 0 0 ,First,#,ADMINISTRASI_LN_KABKOTA_V1,WAKLD1,-1,-1;WAKLD2 "Nama wilayah administrasi Kelurahan atau Desa 2
" true true false 50 Text 0 0 ,First,#,ADMINISTRASI_LN_KABKOTA_V1,WAKLD2,-1,-1;WAPRO1 "Wilayah Administrasi Provinsi 1
" true true false 50 Text 0 0 ,First,#,ADMINISTRASI_LN_KABKOTA_V1,WAPRO1,-1,-1;WAPRO2 "Wilayah Administrasi Provinsi 2
" true true false 50 Text 0 0 ,First,#,ADMINISTRASI_LN_KABKOTA_V1,WAPRO2,-1,-1;SHAPE_Length "SHAPE_Length" false true true 8 Double 0 0 ,First,#,ADMINISTRASI_LN_KABKOTA_V1,SHAPE_Length,-1,-1" #</Process><Process ToolSource="c:\program files (x86)\arcgis\desktop10.8\ArcToolbox\Toolboxes\Analysis Tools.tbx\Clip" Date="20221225" Time="130937">Clip RBI25K.ADMINISTRASI_LN D:/Data/Clip_RBI/_NuClip/DKIJakarta/25K/diss/diss_KotaJakartaSelatan_idx_.shp D:\Data\Clip_RBI\_NuClip\DKIJakarta\25K\clip\KotaJakartaSelatan\RBI25K_ADMINISTRASI_LN.shp #</Process></lineage><itemProps><itemName Sync="TRUE">RBI25K_ADMINISTRASI_LN</itemName><imsContentType Sync="TRUE">002</imsContentType><itemLocation><linkage Sync="TRUE">file://\\DESKTOP-G0PEJV2\D\Data\Clip_RBI\_NuClip\DKIJakarta\25K\clip\KotaJakartaSelatan\RBI25K_ADMINISTRASI_LN.shp</linkage><protocol Sync="TRUE">Local Area Network</protocol></itemLocation><itemSize Sync="TRUE">0.000</itemSize></itemProps><coordRef><type Sync="TRUE">Geographic</type><geogcsn Sync="TRUE">GCS_WGS_1984</geogcsn><csUnits Sync="TRUE">Angular Unit: Degree (0.017453)</csUnits><peXml Sync="TRUE">&lt;GeographicCoordinateSystem xsi:type='typens:GeographicCoordinateSystem' xmlns:xsi='http://www.w3.org/2001/XMLSchema-instance' xmlns:xs='http://www.w3.org/2001/XMLSchema' xmlns:typens='http://www.esri.com/schemas/ArcGIS/10.8'&gt;&lt;WKT&gt;GEOGCS[&amp;quot;GCS_WGS_1984&amp;quot;,DATUM[&amp;quot;D_WGS_1984&amp;quot;,SPHEROID[&amp;quot;WGS_1984&amp;quot;,6378137.0,298.257223563]],PRIMEM[&amp;quot;Greenwich&amp;quot;,0.0],UNIT[&amp;quot;Degree&amp;quot;,0.0174532925199433],AUTHORITY[&amp;quot;EPSG&amp;quot;,4326]]&lt;/WKT&gt;&lt;XOrigin&gt;-400&lt;/XOrigin&gt;&lt;YOrigin&gt;-400&lt;/YOrigin&gt;&lt;XYScale&gt;11258999068426.238&lt;/XYScale&gt;&lt;ZOrigin&gt;-100000&lt;/ZOrigin&gt;&lt;ZScale&gt;10000&lt;/ZScale&gt;&lt;MOrigin&gt;-100000&lt;/MOrigin&gt;&lt;MScale&gt;10000&lt;/MScale&gt;&lt;XYTolerance&gt;8.983152841195215e-09&lt;/XYTolerance&gt;&lt;ZTolerance&gt;0.001&lt;/ZTolerance&gt;&lt;MTolerance&gt;0.001&lt;/MTolerance&gt;&lt;HighPrecision&gt;true&lt;/HighPrecision&gt;&lt;LeftLongitude&gt;-180&lt;/LeftLongitude&gt;&lt;WKID&gt;4326&lt;/WKID&gt;&lt;LatestWKID&gt;4326&lt;/LatestWKID&gt;&lt;/GeographicCoordinateSystem&gt;</peXml></coordRef></DataProperties><SyncDate>20221225</SyncDate><SyncTime>13093600</SyncTime><ModDate>20221225</ModDate><ModTime>13093600</ModTime></Esri><dataIdInfo><envirDesc Sync="TRUE"> Version 6.2 (Build 9200) ; Esri ArcGIS 10.8.1.14362</envirDesc><dataLang><languageCode value="ind" Sync="TRUE"></languageCode><countryCode value="IDN" Sync="TRUE"></countryCode></dataLang><idCitation><resTitle Sync="TRUE">RBI25K_ADMINISTRASI_LN</resTitle><presForm><PresFormCd value="005" Sync="TRUE"></PresFormCd></presForm></idCitation><spatRpType><SpatRepTypCd value="001" Sync="TRUE"></SpatRepTypCd></spatRpType></dataIdInfo><mdLang><languageCode value="ind" Sync="TRUE"></languageCode><countryCode value="IDN" Sync="TRUE"></countryCode></mdLang><distInfo><distFormat><formatName Sync="TRUE">Shapefile</formatName></distFormat><distTranOps><transSize Sync="TRUE">0.000</transSize></distTranOps></distInfo><mdHrLv><ScopeCd value="005" Sync="TRUE"></ScopeCd></mdHrLv><mdHrLvName Sync="TRUE">dataset</mdHrLvName><refSysInfo><RefSystem><refSysID><identCode code="4326" Sync="TRUE"></identCode><idCodeSpace Sync="TRUE">EPSG</idCodeSpace><idVersion Sync="TRUE">6.14(3.0.1)</idVersion></refSysID></RefSystem></refSysInfo><spatRepInfo><VectSpatRep><geometObjs Name="RBI25K_ADMINISTRASI_LN"><geoObjTyp><GeoObjTypCd value="002" Sync="TRUE"></GeoObjTypCd></geoObjTyp><geoObjCnt Sync="TRUE">0</geoObjCnt></geometObjs><topLvl><TopoLevCd value="001" Sync="TRUE"></TopoLevCd></topLvl></VectSpatRep></spatRepInfo><spdoinfo><ptvctinf><esriterm Name="RBI25K_ADMINISTRASI_LN"><efeatyp Sync="TRUE">Simple</efeatyp><efeageom code="3" Sync="TRUE"></efeageom><esritopo Sync="TRUE">FALSE</esritopo><efeacnt Sync="TRUE">0</efeacnt><spindex Sync="TRUE">FALSE</spindex><linrefer Sync="TRUE">TRUE</linrefer></esriterm></ptvctinf></spdoinfo><eainfo><detailed Name="RBI25K_ADMINISTRASI_LN"><enttyp><enttypl Sync="TRUE">RBI25K_ADMINISTRASI_LN</enttypl><enttypt Sync="TRUE">Feature Class</enttypt><enttypc Sync="TRUE">0</enttypc></enttyp><attr><attrlabl Sync="TRUE">FID</attrlabl><attalias Sync="TRUE">FID</attalias><attrtype Sync="TRUE">OID</attrtype><attwidth Sync="TRUE">4</attwidth><atprecis Sync="TRUE">0</atprecis><attscale Sync="TRUE">0</attscale><attrdef Sync="TRUE">Internal feature number.</attrdef><attrdefs Sync="TRUE">Esri</attrdefs><attrdomv><udom Sync="TRUE">Sequential unique whole numbers that are automatically generated.</udom></attrdomv></attr><attr><attrlabl Sync="TRUE">NAMOBJ</attrlabl><attalias Sync="TRUE">NAMOBJ</attalias><attrtype Sync="TRUE">String</attrtype><attwidth Sync="TRUE">250</attwidth><atprecis Sync="TRUE">0</atprecis><attscale Sync="TRUE">0</attscale></attr><attr><attrlabl Sync="TRUE">FCODE</attrlabl><attalias Sync="TRUE">FCODE</attalias><attrtype Sync="TRUE">String</attrtype><attwidth Sync="TRUE">50</attwidth><atprecis Sync="TRUE">0</atprecis><attscale Sync="TRUE">0</attscale></attr><attr><attrlabl Sync="TRUE">REMARK</attrlabl><attalias Sync="TRUE">REMARK</attalias><attrtype Sync="TRUE">String</attrtype><attwidth Sync="TRUE">250</attwidth><atprecis Sync="TRUE">0</atprecis><attscale Sync="TRUE">0</attscale></attr><attr><attrlabl Sync="TRUE">METADATA</attrlabl><attalias Sync="TRUE">METADATA</attalias><attrtype Sync="TRUE">String</attrtype><attwidth Sync="TRUE">50</attwidth><atprecis Sync="TRUE">0</atprecis><attscale Sync="TRUE">0</attscale></attr><attr><attrlabl Sync="TRUE">SRS_ID</attrlabl><attalias Sync="TRUE">SRS_ID</attalias><attrtype Sync="TRUE">String</attrtype><attwidth Sync="TRUE">50</attwidth><atprecis Sync="TRUE">0</atprecis><attscale Sync="TRUE">0</attscale></attr><attr><attrlabl Sync="TRUE">ADMIN1</attrlabl><attalias Sync="TRUE">ADMIN1</attalias><attrtype Sync="TRUE">String</attrtype><attwidth Sync="TRUE">50</attwidth><atprecis Sync="TRUE">0</atprecis><attscale Sync="TRUE">0</attscale></attr><attr><attrlabl Sync="TRUE">ADMIN2</attrlabl><attalias Sync="TRUE">ADMIN2</attalias><attrtype Sync="TRUE">String</attrtype><attwidth Sync="TRUE">50</attwidth><atprecis Sync="TRUE">0</atprecis><attscale Sync="TRUE">0</attscale></attr><attr><attrlabl Sync="TRUE">KARKTR</attrlabl><attalias Sync="TRUE">KARKTR</attalias><attrtype Sync="TRUE">Integer</attrtype><attwidth Sync="TRUE">10</attwidth><atprecis Sync="TRUE">10</atprecis><attscale Sync="TRUE">0</attscale></attr><attr><attrlabl Sync="TRUE">KLBADM</attrlabl><attalias Sync="TRUE">KLBADM</attalias><attrtype Sync="TRUE">Integer</attrtype><attwidth Sync="TRUE">10</attwidth><atprecis Sync="TRUE">10</atprecis><attscale Sync="TRUE">0</attscale></attr><attr><attrlabl Sync="TRUE">PJGBTS</attrlabl><attalias Sync="TRUE">PJGBTS</attalias><attrtype Sync="TRUE">Double</attrtype><attwidth Sync="TRUE">19</attwidth><atprecis Sync="TRUE">18</atprecis><attscale Sync="TRUE">8</attscale></attr><attr><attrlabl Sync="TRUE">STSBTS</attrlabl><attalias Sync="TRUE">STSBTS</attalias><attrtype Sync="TRUE">Integer</attrtype><attwidth Sync="TRUE">10</attwidth><atprecis Sync="TRUE">10</atprecis><attscale Sync="TRUE">0</attscale></attr><attr><attrlabl Sync="TRUE">TIPLOK</attrlabl><attalias Sync="TRUE">TIPLOK</attalias><attrtype Sync="TRUE">Integer</attrtype><attwidth Sync="TRUE">10</attwidth><atprecis Sync="TRUE">10</atprecis><attscale Sync="TRUE">0</attscale></attr><attr><attrlabl Sync="TRUE">TIPTBT</attrlabl><attalias Sync="TRUE">TIPTBT</attalias><attrtype Sync="TRUE">Integer</attrtype><attwidth Sync="TRUE">10</attwidth><atprecis Sync="TRUE">10</atprecis><attscale Sync="TRUE">0</attscale></attr><attr><attrlabl Sync="TRUE">UUPP</attrlabl><attalias Sync="TRUE">UUPP</attalias><attrtype Sync="TRUE">String</attrtype><attwidth Sync="TRUE">50</attwidth><atprecis Sync="TRUE">0</atprecis><attscale Sync="TRUE">0</attscale></attr><attr><attrlabl Sync="TRUE">WADKC1</attrlabl><attalias Sync="TRUE">WADKC1</attalias><attrtype Sync="TRUE">String</attrtype><attwidth Sync="TRUE">50</attwidth><atprecis Sync="TRUE">0</atprecis><attscale Sync="TRUE">0</attscale></attr><attr><attrlabl Sync="TRUE">WADKC2</attrlabl><attalias Sync="TRUE">WADKC2</attalias><attrtype Sync="TRUE">String</attrtype><attwidth Sync="TRUE">50</attwidth><atprecis Sync="TRUE">0</atprecis><attscale Sync="TRUE">0</attscale></attr><attr><attrlabl Sync="TRUE">WAKBK1</attrlabl><attalias Sync="TRUE">WAKBK1</attalias><attrtype Sync="TRUE">String</attrtype><attwidth Sync="TRUE">50</attwidth><atprecis Sync="TRUE">0</atprecis><attscale Sync="TRUE">0</attscale></attr><attr><attrlabl Sync="TRUE">WAKBK2</attrlabl><attalias Sync="TRUE">WAKBK2</attalias><attrtype Sync="TRUE">String</attrtype><attwidth Sync="TRUE">50</attwidth><atprecis Sync="TRUE">0</atprecis><attscale Sync="TRUE">0</attscale></attr><attr><attrlabl Sync="TRUE">WAKLD1</attrlabl><attalias Sync="TRUE">WAKLD1</attalias><attrtype Sync="TRUE">String</attrtype><attwidth Sync="TRUE">50</attwidth><atprecis Sync="TRUE">0</atprecis><attscale Sync="TRUE">0</attscale></attr><attr><attrlabl Sync="TRUE">WAKLD2</attrlabl><attalias Sync="TRUE">WAKLD2</attalias><attrtype Sync="TRUE">String</attrtype><attwidth Sync="TRUE">50</attwidth><atprecis Sync="TRUE">0</atprecis><attscale Sync="TRUE">0</attscale></attr><attr><attrlabl Sync="TRUE">WAPRO1</attrlabl><attalias Sync="TRUE">WAPRO1</attalias><attrtype Sync="TRUE">String</attrtype><attwidth Sync="TRUE">50</attwidth><atprecis Sync="TRUE">0</atprecis><attscale Sync="TRUE">0</attscale></attr><attr><attrlabl Sync="TRUE">WAPRO2</attrlabl><attalias Sync="TRUE">WAPRO2</attalias><attrtype Sync="TRUE">String</attrtype><attwidth Sync="TRUE">50</attwidth><atprecis Sync="TRUE">0</atprecis><attscale Sync="TRUE">0</attscale></attr><attr><attrlabl Sync="TRUE">SHAPE</attrlabl><attalias Sync="TRUE">Shape</attalias><attrtype Sync="TRUE">Geometry</attrtype><attwidth Sync="TRUE">0</attwidth><atprecis Sync="TRUE">0</atprecis><attscale Sync="TRUE">0</attscale><attrdef Sync="TRUE">Feature geometry.</attrdef><attrdefs Sync="TRUE">Esri</attrdefs><attrdomv><udom Sync="TRUE">Coordinates defining the features.</udom></attrdomv></attr><attr><attrlabl Sync="TRUE">SHAPE_LEN</attrlabl><attalias Sync="TRUE">SHAPE_LEN</attalias><attrtype Sync="TRUE">Double</attrtype><attwidth Sync="TRUE">19</attwidth><atprecis Sync="TRUE">0</atprecis><attscale Sync="TRUE">0</attscale></attr></detailed></eainfo><mdDateSt Sync="TRUE">20221225</mdDateSt></metadata>
