<metadata xml:lang="id"><Esri><CreaDate>20160412</CreaDate><CreaTime>14291400</CreaTime><SyncOnce>FALSE</SyncOnce><DataProperties><lineage><Process ToolSource="C:\Program Files (x86)\ArcGIS\ArcToolbox\Toolboxes\Data Management Tools.tbx\CreateFeatureclass" Date="20101010" Time="184326" Name="" export="">CreateFeatureclass G:\TrainingPakuan.gdb\Utilitas BangunanPerlindunganMataAir_2 POLYGON G:\TrainingPakuan.gdb\Utilitas\BangunanPerlindunganMataAir_1 DISABLED DISABLED "{B286C06B-0879-11D2-AACA-00C04FA33C20};-450359962737,05 -450359962737,05 10000;#;#;0,001;#;#;IsHighPrecision" # 0 0 0 G:\TrainingPakuan.gdb\Utilitas\BangunanPerlindunganMataAir_2</Process><Process ToolSource="c:\program files (x86)\arcgis\desktop10.2\ArcToolbox\Toolboxes\Conversion Tools.tbx\FeatureClassToFeatureClass" Date="20180305" Time="094740">FeatureClassToFeatureClass G:\2018\Publikasi\25K_2017\RBI25K_JAWA.gdb\Vegetasi_25K\AGRISAWAH_AR_25K "Database Connections\Connection to d00dbs.ina-sdi.local_25K.sde\RBI25K.VEGETASI" AGRISAWAH_AR # "NAMOBJ "Nama Objek" true true false 50 Text 0 0 ,First,#,G:\2018\Publikasi\25K_2017\RBI25K_JAWA.gdb\Vegetasi_25K\AGRISAWAH_AR_25K,NAMOBJ,-1,-1;JNSSWH "Jenis Sawah" true true false 4 Long 0 0 ,First,#,G:\2018\Publikasi\25K_2017\RBI25K_JAWA.gdb\Vegetasi_25K\AGRISAWAH_AR_25K,JNSSWH,-1,-1;FCODE "Kode Unsur" true false false 50 Text 0 0 ,First,#,G:\2018\Publikasi\25K_2017\RBI25K_JAWA.gdb\Vegetasi_25K\AGRISAWAH_AR_25K,FCODE,-1,-1;AQDATE "Tanggal Pengamatan" true true false 8 Date 0 0 ,First,#,G:\2018\Publikasi\25K_2017\RBI25K_JAWA.gdb\Vegetasi_25K\AGRISAWAH_AR_25K,AQDATE,-1,-1;PUDATE "Tanggal Publikasi" true true false 8 Date 0 0 ,First,#,G:\2018\Publikasi\25K_2017\RBI25K_JAWA.gdb\Vegetasi_25K\AGRISAWAH_AR_25K,PUDATE,-1,-1;REMARK "Catatan" true true false 250 Text 0 0 ,First,#,G:\2018\Publikasi\25K_2017\RBI25K_JAWA.gdb\Vegetasi_25K\AGRISAWAH_AR_25K,REMARK,-1,-1;KODLCO "Kode Tutupan Lahan" true true false 20 Text 0 0 ,First,#,G:\2018\Publikasi\25K_2017\RBI25K_JAWA.gdb\Vegetasi_25K\AGRISAWAH_AR_25K,KODLCO,-1,-1;SRS_ID "Spatial Reference System Identifier" true false false 50 Text 0 0 ,First,#,G:\2018\Publikasi\25K_2017\RBI25K_JAWA.gdb\Vegetasi_25K\AGRISAWAH_AR_25K,SRS_ID,-1,-1;LCODE "Layer Code" true true false 50 Text 0 0 ,First,#,G:\2018\Publikasi\25K_2017\RBI25K_JAWA.gdb\Vegetasi_25K\AGRISAWAH_AR_25K,LCODE,-1,-1;METADATA "METADATA" true true false 50 Text 0 0 ,First,#,G:\2018\Publikasi\25K_2017\RBI25K_JAWA.gdb\Vegetasi_25K\AGRISAWAH_AR_25K,METADATA,-1,-1;TNMSWH "TNMSWH" true true false 4 Long 0 0 ,First,#,G:\2018\Publikasi\25K_2017\RBI25K_JAWA.gdb\Vegetasi_25K\AGRISAWAH_AR_25K,TNMSWH,-1,-1;SHAPE_Length "SHAPE_Length" false true true 8 Double 0 0 ,First,#,G:\2018\Publikasi\25K_2017\RBI25K_JAWA.gdb\Vegetasi_25K\AGRISAWAH_AR_25K,SHAPE_Length,-1,-1;SHAPE_Area "SHAPE_Area" false true true 8 Double 0 0 ,First,#,G:\2018\Publikasi\25K_2017\RBI25K_JAWA.gdb\Vegetasi_25K\AGRISAWAH_AR_25K,SHAPE_Area,-1,-1" #</Process><Process ToolSource="c:\program files (x86)\arcgis\desktop10.5\ArcToolbox\Toolboxes\Data Management Tools.tbx\TruncateTable" Date="20201222" Time="223539">TruncateTable "Database Connections\DB PUB 0025K.sde\RBI25K.VEGETASI\RBI25K.AGRISAWAH_AR"</Process><Process ToolSource="c:\program files (x86)\arcgis\desktop10.8\ArcToolbox\Toolboxes\Analysis Tools.tbx\Clip" Date="20221225" Time="153325">Clip RBI25K.AGRISAWAH_AR D:/Data/Clip_RBI/_NuClip/DKIJakarta/25K/diss/diss_KotaJakartaSelatan_idx_.shp D:\Data\Clip_RBI\_NuClip\DKIJakarta\25K\clip\KotaJakartaSelatan\RBI25K_AGRISAWAH_AR.shp #</Process></lineage><itemProps><itemName Sync="TRUE">RBI25K_AGRISAWAH_AR</itemName><imsContentType Sync="TRUE">002</imsContentType><itemLocation><linkage Sync="TRUE">file://\\DESKTOP-G0PEJV2\D\Data\Clip_RBI\_NuClip\DKIJakarta\25K\clip\KotaJakartaSelatan\RBI25K_AGRISAWAH_AR.shp</linkage><protocol Sync="TRUE">Local Area Network</protocol></itemLocation><itemSize Sync="TRUE">0.000</itemSize></itemProps><coordRef><type Sync="TRUE">Geographic</type><geogcsn Sync="TRUE">GCS_WGS_1984</geogcsn><csUnits Sync="TRUE">Angular Unit: Degree (0.017453)</csUnits><peXml Sync="TRUE">&lt;GeographicCoordinateSystem xsi:type='typens:GeographicCoordinateSystem' xmlns:xsi='http://www.w3.org/2001/XMLSchema-instance' xmlns:xs='http://www.w3.org/2001/XMLSchema' xmlns:typens='http://www.esri.com/schemas/ArcGIS/10.8'&gt;&lt;WKT&gt;GEOGCS[&amp;quot;GCS_WGS_1984&amp;quot;,DATUM[&amp;quot;D_WGS_1984&amp;quot;,SPHEROID[&amp;quot;WGS_1984&amp;quot;,6378137.0,298.257223563]],PRIMEM[&amp;quot;Greenwich&amp;quot;,0.0],UNIT[&amp;quot;Degree&amp;quot;,0.0174532925199433]],VERTCS[&amp;quot;EGM2008_Geoid&amp;quot;,VDATUM[&amp;quot;EGM2008_Geoid&amp;quot;],PARAMETER[&amp;quot;Vertical_Shift&amp;quot;,0.0],PARAMETER[&amp;quot;Direction&amp;quot;,1.0],UNIT[&amp;quot;Meter&amp;quot;,1.0]]&lt;/WKT&gt;&lt;XOrigin&gt;-400&lt;/XOrigin&gt;&lt;YOrigin&gt;-400&lt;/YOrigin&gt;&lt;XYScale&gt;11258999068426.238&lt;/XYScale&gt;&lt;ZOrigin&gt;-100000&lt;/ZOrigin&gt;&lt;ZScale&gt;10000&lt;/ZScale&gt;&lt;MOrigin&gt;-100000&lt;/MOrigin&gt;&lt;MScale&gt;10000&lt;/MScale&gt;&lt;XYTolerance&gt;8.983152841195215e-09&lt;/XYTolerance&gt;&lt;ZTolerance&gt;0.001&lt;/ZTolerance&gt;&lt;MTolerance&gt;0.001&lt;/MTolerance&gt;&lt;HighPrecision&gt;true&lt;/HighPrecision&gt;&lt;LeftLongitude&gt;-180&lt;/LeftLongitude&gt;&lt;WKID&gt;4326&lt;/WKID&gt;&lt;LatestWKID&gt;4326&lt;/LatestWKID&gt;&lt;VCSWKID&gt;105790&lt;/VCSWKID&gt;&lt;LatestVCSWKID&gt;3855&lt;/LatestVCSWKID&gt;&lt;/GeographicCoordinateSystem&gt;</peXml></coordRef></DataProperties><SyncDate>20221225</SyncDate><SyncTime>15332300</SyncTime><ModDate>20221225</ModDate><ModTime>15332300</ModTime><ArcGISFormat>1.0</ArcGISFormat><scaleRange><minScale>150000000</minScale><maxScale>5000</maxScale></scaleRange><ArcGISProfile>ItemDescription</ArcGISProfile></Esri><idinfo><citation><citeinfo><onlink Sync="TRUE">\\DEMON\C$\Geodatabase_FDS.gdb</onlink></citeinfo></citation></idinfo><distInfo><distributor><distorTran><onLineSrc><linkage Sync="TRUE">file://\\DEMON\C$\Geodatabase_FDS.gdb</linkage><protocol Sync="TRUE">Local Area Network</protocol></onLineSrc></distorTran></distributor><distFormat><formatName Sync="TRUE">Shapefile</formatName></distFormat><distTranOps><transSize Sync="TRUE">0.000</transSize></distTranOps></distInfo><dataqual><lineage><procstep><procdesc Sync="TRUE">Dataset copied.</procdesc><srcused Sync="TRUE">\\DEMON\C$\Geodatabase_FDS.gdb</srcused><date Sync="TRUE">20101027</date><time Sync="TRUE">16093500</time></procstep></lineage></dataqual><dataIdInfo><envirDesc Sync="TRUE"> Version 6.2 (Build 9200) ; Esri ArcGIS 10.8.1.14362</envirDesc><dataLang><languageCode value="ind" Sync="TRUE"/><countryCode value="IDN" Sync="TRUE"/></dataLang><idCitation><resTitle Sync="TRUE">RBI25K_AGRISAWAH_AR</resTitle><presForm><PresFormCd value="005" Sync="TRUE"/></presForm></idCitation><spatRpType><SpatRepTypCd value="001" Sync="TRUE"/></spatRpType><idAbs>&lt;DIV STYLE="text-align:Left;"&gt;&lt;DIV&gt;&lt;P&gt;&lt;SPAN&gt;Suatu bentuk pertanian yang dilakukan di lahan basah dan memerlukan banyak air baik sawah irigasi, sawah lebak, sawah tadah hujan maupun sawah pasang surut.&lt;/SPAN&gt;&lt;/P&gt;&lt;/DIV&gt;&lt;/DIV&gt;</idAbs></dataIdInfo><mdLang><languageCode value="ind" Sync="TRUE"/><countryCode value="IDN" Sync="TRUE"/></mdLang><mdHrLv><ScopeCd value="005" Sync="TRUE"/></mdHrLv><mdHrLvName Sync="TRUE">dataset</mdHrLvName><refSysInfo><RefSystem><refSysID><identCode code="4326" Sync="TRUE"/><idCodeSpace Sync="TRUE">EPSG</idCodeSpace><idVersion Sync="TRUE">6.14(3.0.1)</idVersion></refSysID></RefSystem></refSysInfo><spatRepInfo><VectSpatRep><geometObjs Name="RBI25K_AGRISAWAH_AR"><geoObjTyp><GeoObjTypCd value="002" Sync="TRUE"></GeoObjTypCd></geoObjTyp><geoObjCnt Sync="TRUE">0</geoObjCnt></geometObjs><topLvl><TopoLevCd value="001" Sync="TRUE"></TopoLevCd></topLvl></VectSpatRep></spatRepInfo><spdoinfo><ptvctinf><esriterm Name="RBI25K_AGRISAWAH_AR"><efeatyp Sync="TRUE">Simple</efeatyp><efeageom code="4" Sync="TRUE"></efeageom><esritopo Sync="TRUE">FALSE</esritopo><efeacnt Sync="TRUE">0</efeacnt><spindex Sync="TRUE">FALSE</spindex><linrefer Sync="TRUE">TRUE</linrefer></esriterm></ptvctinf></spdoinfo><eainfo><detailed Name="RBI25K_AGRISAWAH_AR"><enttyp><enttypl Sync="TRUE">RBI25K_AGRISAWAH_AR</enttypl><enttypt Sync="TRUE">Feature Class</enttypt><enttypc Sync="TRUE">0</enttypc></enttyp><attr><attrlabl Sync="TRUE">FID</attrlabl><attalias Sync="TRUE">FID</attalias><attrtype Sync="TRUE">OID</attrtype><attwidth Sync="TRUE">4</attwidth><atprecis Sync="TRUE">0</atprecis><attscale Sync="TRUE">0</attscale><attrdef Sync="TRUE">Internal feature number.</attrdef><attrdefs Sync="TRUE">Esri</attrdefs><attrdomv><udom Sync="TRUE">Sequential unique whole numbers that are automatically generated.</udom></attrdomv></attr><attr><attrlabl Sync="TRUE">SHAPE</attrlabl><attalias Sync="TRUE">Shape</attalias><attrtype Sync="TRUE">Geometry</attrtype><attwidth Sync="TRUE">0</attwidth><atprecis Sync="TRUE">0</atprecis><attscale Sync="TRUE">0</attscale><attrdef Sync="TRUE">Feature geometry.</attrdef><attrdefs Sync="TRUE">Esri</attrdefs><attrdomv><udom Sync="TRUE">Coordinates defining the features.</udom></attrdomv></attr><attr><attrlabl Sync="TRUE">NAMOBJ</attrlabl><attalias Sync="TRUE">NAMOBJ</attalias><attrtype Sync="TRUE">String</attrtype><attwidth Sync="TRUE">50</attwidth><atprecis Sync="TRUE">0</atprecis><attscale Sync="TRUE">0</attscale></attr><attr><attrlabl Sync="TRUE">JNSSWH</attrlabl><attalias Sync="TRUE">JNSSWH</attalias><attrtype Sync="TRUE">Integer</attrtype><attwidth Sync="TRUE">10</attwidth><atprecis Sync="TRUE">10</atprecis><attscale Sync="TRUE">0</attscale></attr><attr><attrlabl Sync="TRUE">FCODE</attrlabl><attalias Sync="TRUE">FCODE</attalias><attrtype Sync="TRUE">String</attrtype><attwidth Sync="TRUE">50</attwidth><atprecis Sync="TRUE">0</atprecis><attscale Sync="TRUE">0</attscale></attr><attr><attrlabl Sync="TRUE">AQDATE</attrlabl><attalias Sync="TRUE">AQDATE</attalias><attrtype Sync="TRUE">Date</attrtype><attwidth Sync="TRUE">8</attwidth><atprecis Sync="TRUE">0</atprecis><attscale Sync="TRUE">0</attscale></attr><attr><attrlabl Sync="TRUE">PUDATE</attrlabl><attalias Sync="TRUE">PUDATE</attalias><attrtype Sync="TRUE">Date</attrtype><attwidth Sync="TRUE">8</attwidth><atprecis Sync="TRUE">0</atprecis><attscale Sync="TRUE">0</attscale></attr><attr><attrlabl Sync="TRUE">REMARK</attrlabl><attalias Sync="TRUE">REMARK</attalias><attrtype Sync="TRUE">String</attrtype><attwidth Sync="TRUE">250</attwidth><atprecis Sync="TRUE">0</atprecis><attscale Sync="TRUE">0</attscale></attr><attr><attrlabl Sync="TRUE">KODLCO</attrlabl><attalias Sync="TRUE">KODLCO</attalias><attrtype Sync="TRUE">String</attrtype><attwidth Sync="TRUE">20</attwidth><atprecis Sync="TRUE">0</atprecis><attscale Sync="TRUE">0</attscale></attr><attr><attrlabl Sync="TRUE">SRS_ID</attrlabl><attalias Sync="TRUE">SRS_ID</attalias><attrtype Sync="TRUE">String</attrtype><attwidth Sync="TRUE">50</attwidth><atprecis Sync="TRUE">0</atprecis><attscale Sync="TRUE">0</attscale></attr><attr><attrlabl Sync="TRUE">LCODE</attrlabl><attalias Sync="TRUE">LCODE</attalias><attrtype Sync="TRUE">String</attrtype><attwidth Sync="TRUE">50</attwidth><atprecis Sync="TRUE">0</atprecis><attscale Sync="TRUE">0</attscale></attr><attr><attrlabl Sync="TRUE">METADATA</attrlabl><attalias Sync="TRUE">METADATA</attalias><attrtype Sync="TRUE">String</attrtype><attwidth Sync="TRUE">50</attwidth><atprecis Sync="TRUE">0</atprecis><attscale Sync="TRUE">0</attscale></attr><attr><attrlabl Sync="TRUE">TNMSWH</attrlabl><attalias Sync="TRUE">TNMSWH</attalias><attrtype Sync="TRUE">Integer</attrtype><attwidth Sync="TRUE">10</attwidth><atprecis Sync="TRUE">10</atprecis><attscale Sync="TRUE">0</attscale></attr><attr><attrlabl Sync="TRUE">SHAPE_AREA</attrlabl><attalias Sync="TRUE">SHAPE_AREA</attalias><attrtype Sync="TRUE">Double</attrtype><attwidth Sync="TRUE">19</attwidth><atprecis Sync="TRUE">0</atprecis><attscale Sync="TRUE">0</attscale><attrdef Sync="TRUE">Area of feature in internal units squared.</attrdef><attrdefs Sync="TRUE">Esri</attrdefs><attrdomv><udom Sync="TRUE">Positive real numbers that are automatically generated.</udom></attrdomv></attr><attr><attrlabl Sync="TRUE">SHAPE_LEN</attrlabl><attalias Sync="TRUE">SHAPE_LEN</attalias><attrtype Sync="TRUE">Double</attrtype><attwidth Sync="TRUE">19</attwidth><atprecis Sync="TRUE">0</atprecis><attscale Sync="TRUE">0</attscale></attr></detailed></eainfo><mdDateSt Sync="TRUE">20221225</mdDateSt></metadata>
