<metadata xml:lang="en"><Esri><CreaDate>20210518</CreaDate><CreaTime>23595800</CreaTime><ArcGISFormat>1.0</ArcGISFormat><ArcGISstyle>North American Profile of ISO19115 2003</ArcGISstyle><SyncOnce>FALSE</SyncOnce><DataProperties><itemProps><itemName Sync="TRUE">RBI25K_ADMINISTRASI_AR</itemName><imsContentType Sync="TRUE">002</imsContentType><itemLocation><linkage Sync="TRUE">file://\\DESKTOP-G0PEJV2\D\Data\Clip_RBI\_NuClip\DKIJakarta\25K\clip\KotaJakartaSelatan\RBI25K_ADMINISTRASI_AR.shp</linkage><protocol Sync="TRUE">Local Area Network</protocol></itemLocation><itemSize Sync="TRUE">0.000</itemSize></itemProps><coordRef><type Sync="TRUE">Geographic</type><geogcsn Sync="TRUE">GCS_WGS_1984</geogcsn><csUnits Sync="TRUE">Angular Unit: Degree (0.017453)</csUnits><peXml Sync="TRUE">&lt;GeographicCoordinateSystem xsi:type='typens:GeographicCoordinateSystem' xmlns:xsi='http://www.w3.org/2001/XMLSchema-instance' xmlns:xs='http://www.w3.org/2001/XMLSchema' xmlns:typens='http://www.esri.com/schemas/ArcGIS/10.8'&gt;&lt;WKT&gt;GEOGCS[&amp;quot;GCS_WGS_1984&amp;quot;,DATUM[&amp;quot;D_WGS_1984&amp;quot;,SPHEROID[&amp;quot;WGS_1984&amp;quot;,6378137.0,298.257223563]],PRIMEM[&amp;quot;Greenwich&amp;quot;,0.0],UNIT[&amp;quot;Degree&amp;quot;,0.0174532925199433],AUTHORITY[&amp;quot;EPSG&amp;quot;,4326]]&lt;/WKT&gt;&lt;XOrigin&gt;-400&lt;/XOrigin&gt;&lt;YOrigin&gt;-400&lt;/YOrigin&gt;&lt;XYScale&gt;11258999068426.238&lt;/XYScale&gt;&lt;ZOrigin&gt;-100000&lt;/ZOrigin&gt;&lt;ZScale&gt;10000&lt;/ZScale&gt;&lt;MOrigin&gt;-100000&lt;/MOrigin&gt;&lt;MScale&gt;10000&lt;/MScale&gt;&lt;XYTolerance&gt;8.983152841195215e-09&lt;/XYTolerance&gt;&lt;ZTolerance&gt;0.001&lt;/ZTolerance&gt;&lt;MTolerance&gt;0.001&lt;/MTolerance&gt;&lt;HighPrecision&gt;true&lt;/HighPrecision&gt;&lt;LeftLongitude&gt;-180&lt;/LeftLongitude&gt;&lt;WKID&gt;4326&lt;/WKID&gt;&lt;LatestWKID&gt;4326&lt;/LatestWKID&gt;&lt;/GeographicCoordinateSystem&gt;</peXml></coordRef><lineage><Process ToolSource="c:\program files (x86)\arcgis\desktop10.2\ArcToolbox\Toolboxes\Data Management Tools.tbx\CalculateField" Date="20210519" Time="004141">CalculateField KOMPILASI_20210517\ADMINISTRASI_AR_KABKOTA_V1_CLIP NAMOBJ "_PEMUTAKHIRAN GARIS PANTAI" VB #</Process><Process ToolSource="c:\program files (x86)\arcgis\desktop10.2\ArcToolbox\Toolboxes\Data Management Tools.tbx\CalculateField" Date="20210622" Time="145753">CalculateField KOMPILASI_20210517\ADMINISTRASI_AR_KABKOTA_V1_CLIP WADMKK [NAMOBJ] VB #</Process><Process ToolSource="c:\program files (x86)\arcgis\desktop10.8\ArcToolbox\Toolboxes\Conversion Tools.tbx\FeatureClassToFeatureClass" Date="20210722" Time="125351">FeatureClassToFeatureClass ADMINISTRASI_AR_KABKOTA "Database Connections\RBI25K to dbpub.sde\RBI25K.BATASWILAYAH" ADMINISTRASI_AR_2021 # "NAMOBJ "Nama Objek" true true false 250 Text 0 0 ,First,#,ADMINISTRASI_AR_KABKOTA,NAMOBJ,-1,-1;FCODE "Feature Code" true true false 50 Text 0 0 ,First,#,ADMINISTRASI_AR_KABKOTA,FCODE,-1,-1;REMARK "Catatan" true true false 250 Text 0 0 ,First,#,ADMINISTRASI_AR_KABKOTA,REMARK,-1,-1;METADATA "METADATA" true true false 50 Text 0 0 ,First,#,ADMINISTRASI_AR_KABKOTA,METADATA,-1,-1;SRS_ID "Spatial Reference Spatial Identifier" true true false 50 Text 0 0 ,First,#,ADMINISTRASI_AR_KABKOTA,SRS_ID,-1,-1;KDBBPS "Kode BPS Kabupaten/Kota" true true false 50 Text 0 0 ,First,#,ADMINISTRASI_AR_KABKOTA,KDBBPS,-1,-1;KDCBPS "Kode BPS Kecamatan/Distrik" true true false 50 Text 0 0 ,First,#,ADMINISTRASI_AR_KABKOTA,KDCBPS,-1,-1;KDCPUM "Kode PUM Kecamatan/Distrik" true true false 50 Text 0 0 ,First,#,ADMINISTRASI_AR_KABKOTA,KDCPUM,-1,-1;KDEBPS "Kode BPS Kelurahan/Desa" true true false 50 Text 0 0 ,First,#,ADMINISTRASI_AR_KABKOTA,KDEBPS,-1,-1;KDEPUM "Kode PUM Kelurahan/Desa" true true false 50 Text 0 0 ,First,#,ADMINISTRASI_AR_KABKOTA,KDEPUM,-1,-1;KDPBPS "Kode BPS Provinsi" true true false 50 Text 0 0 ,First,#,ADMINISTRASI_AR_KABKOTA,KDPBPS,-1,-1;KDPKAB "Kode PUM Kabupaten/Kota" true true false 50 Text 0 0 ,First,#,ADMINISTRASI_AR_KABKOTA,KDPKAB,-1,-1;KDPPUM "Kode PUM Provinsi" true true false 50 Text 0 0 ,First,#,ADMINISTRASI_AR_KABKOTA,KDPPUM,-1,-1;LUASWH "Luas Wilayah Menurut Peraturan (HA)" true true false 8 Double 0 0 ,First,#,ADMINISTRASI_AR_KABKOTA,LUASWH,-1,-1;TIPADM "Tipe Administrasi" true true false 4 Long 0 0 ,First,#,ADMINISTRASI_AR_KABKOTA,TIPADM,-1,-1;WADMKC "Nama wilayah administrasi Kecamatan atau Distrik" true true false 50 Text 0 0 ,First,#,ADMINISTRASI_AR_KABKOTA,WADMKC,-1,-1;WADMKD "Nama wilayah administrasi Kelurahan atau Desa" true true false 50 Text 0 0 ,First,#,ADMINISTRASI_AR_KABKOTA,WADMKD,-1,-1;WADMKK "Nama wilayah administrasi Kebupaten/ Kota" true true false 50 Text 0 0 ,First,#,ADMINISTRASI_AR_KABKOTA,WADMKK,-1,-1;WADMPR "Nama wilayah administrasi Propinsi" true true false 50 Text 0 0 ,First,#,ADMINISTRASI_AR_KABKOTA,WADMPR,-1,-1;WIADKC "Nama wilayah induk administrasi Kecamatan/Distrik" true true false 50 Text 0 0 ,First,#,ADMINISTRASI_AR_KABKOTA,WIADKC,-1,-1;WIADKK "Nama wilayah induk administrasi Kebupaten/ Kota" true true false 50 Text 0 0 ,First,#,ADMINISTRASI_AR_KABKOTA,WIADKK,-1,-1;WIADPR "Nama wilayah induk administrasi Propinsi" true true false 50 Text 0 0 ,First,#,ADMINISTRASI_AR_KABKOTA,WIADPR,-1,-1;WIADKD "Nama wilayah induk administrasi Kelurahan/Desa 
" true true false 2 Short 0 0 ,First,#,ADMINISTRASI_AR_KABKOTA,WIADKD,-1,-1;SHAPE_Length "SHAPE_Length" false true true 8 Double 0 0 ,First,#,ADMINISTRASI_AR_KABKOTA,SHAPE_Length,-1,-1;SHAPE_Area "SHAPE_Area" false true true 8 Double 0 0 ,First,#,ADMINISTRASI_AR_KABKOTA,SHAPE_Area,-1,-1" #</Process><Process ToolSource="c:\program files (x86)\arcgis\desktop10.8\ArcToolbox\Toolboxes\Analysis Tools.tbx\Clip" Date="20221225" Time="130957">Clip RBI25K.ADMINISTRASI_AR D:/Data/Clip_RBI/_NuClip/DKIJakarta/25K/diss/diss_KotaJakartaSelatan_idx_.shp D:\Data\Clip_RBI\_NuClip\DKIJakarta\25K\clip\KotaJakartaSelatan\RBI25K_ADMINISTRASI_AR.shp #</Process></lineage></DataProperties><SyncDate>20221225</SyncDate><SyncTime>13095500</SyncTime><ModDate>20221225</ModDate><ModTime>13095500</ModTime></Esri><dataIdInfo><envirDesc Sync="TRUE"> Version 6.2 (Build 9200) ; Esri ArcGIS 10.8.1.14362</envirDesc><dataLang><languageCode value="ind" Sync="TRUE"></languageCode><countryCode value="IDN" Sync="TRUE"></countryCode></dataLang><idCitation><resTitle Sync="TRUE">RBI25K_ADMINISTRASI_AR</resTitle><presForm><PresFormCd value="005" Sync="TRUE"></PresFormCd></presForm></idCitation><spatRpType><SpatRepTypCd value="001" Sync="TRUE"></SpatRepTypCd></spatRpType></dataIdInfo><mdLang><languageCode value="ind" Sync="TRUE"></languageCode><countryCode value="IDN" Sync="TRUE"></countryCode></mdLang><distInfo><distFormat><formatName Sync="TRUE">Shapefile</formatName></distFormat><distTranOps><transSize Sync="TRUE">0.000</transSize></distTranOps></distInfo><mdHrLv><ScopeCd value="005" Sync="TRUE"></ScopeCd></mdHrLv><mdHrLvName Sync="TRUE">dataset</mdHrLvName><refSysInfo><RefSystem><refSysID><identCode code="4326" Sync="TRUE"></identCode><idCodeSpace Sync="TRUE">EPSG</idCodeSpace><idVersion Sync="TRUE">6.14(3.0.1)</idVersion></refSysID></RefSystem></refSysInfo><spatRepInfo><VectSpatRep><geometObjs Name="RBI25K_ADMINISTRASI_AR"><geoObjTyp><GeoObjTypCd value="002" Sync="TRUE"></GeoObjTypCd></geoObjTyp><geoObjCnt Sync="TRUE">0</geoObjCnt></geometObjs><topLvl><TopoLevCd value="001" Sync="TRUE"></TopoLevCd></topLvl></VectSpatRep></spatRepInfo><spdoinfo><ptvctinf><esriterm Name="RBI25K_ADMINISTRASI_AR"><efeatyp Sync="TRUE">Simple</efeatyp><efeageom code="4" Sync="TRUE"></efeageom><esritopo Sync="TRUE">FALSE</esritopo><efeacnt Sync="TRUE">0</efeacnt><spindex Sync="TRUE">FALSE</spindex><linrefer Sync="TRUE">TRUE</linrefer></esriterm></ptvctinf></spdoinfo><eainfo><detailed Name="RBI25K_ADMINISTRASI_AR"><enttyp><enttypl Sync="TRUE">RBI25K_ADMINISTRASI_AR</enttypl><enttypt Sync="TRUE">Feature Class</enttypt><enttypc Sync="TRUE">0</enttypc></enttyp><attr><attrlabl Sync="TRUE">FID</attrlabl><attalias Sync="TRUE">FID</attalias><attrtype Sync="TRUE">OID</attrtype><attwidth Sync="TRUE">4</attwidth><atprecis Sync="TRUE">0</atprecis><attscale Sync="TRUE">0</attscale><attrdef Sync="TRUE">Internal feature number.</attrdef><attrdefs Sync="TRUE">Esri</attrdefs><attrdomv><udom Sync="TRUE">Sequential unique whole numbers that are automatically generated.</udom></attrdomv></attr><attr><attrlabl Sync="TRUE">SHAPE</attrlabl><attalias Sync="TRUE">Shape</attalias><attrtype Sync="TRUE">Geometry</attrtype><attwidth Sync="TRUE">0</attwidth><atprecis Sync="TRUE">0</atprecis><attscale Sync="TRUE">0</attscale><attrdef Sync="TRUE">Feature geometry.</attrdef><attrdefs Sync="TRUE">Esri</attrdefs><attrdomv><udom Sync="TRUE">Coordinates defining the features.</udom></attrdomv></attr><attr><attrlabl Sync="TRUE">NAMOBJ</attrlabl><attalias Sync="TRUE">NAMOBJ</attalias><attrtype Sync="TRUE">String</attrtype><attwidth Sync="TRUE">250</attwidth><atprecis Sync="TRUE">0</atprecis><attscale Sync="TRUE">0</attscale></attr><attr><attrlabl Sync="TRUE">FCODE</attrlabl><attalias Sync="TRUE">FCODE</attalias><attrtype Sync="TRUE">String</attrtype><attwidth Sync="TRUE">50</attwidth><atprecis Sync="TRUE">0</atprecis><attscale Sync="TRUE">0</attscale></attr><attr><attrlabl Sync="TRUE">REMARK</attrlabl><attalias Sync="TRUE">REMARK</attalias><attrtype Sync="TRUE">String</attrtype><attwidth Sync="TRUE">250</attwidth><atprecis Sync="TRUE">0</atprecis><attscale Sync="TRUE">0</attscale></attr><attr><attrlabl Sync="TRUE">METADATA</attrlabl><attalias Sync="TRUE">METADATA</attalias><attrtype Sync="TRUE">String</attrtype><attwidth Sync="TRUE">50</attwidth><atprecis Sync="TRUE">0</atprecis><attscale Sync="TRUE">0</attscale></attr><attr><attrlabl Sync="TRUE">SRS_ID</attrlabl><attalias Sync="TRUE">SRS_ID</attalias><attrtype Sync="TRUE">String</attrtype><attwidth Sync="TRUE">50</attwidth><atprecis Sync="TRUE">0</atprecis><attscale Sync="TRUE">0</attscale></attr><attr><attrlabl Sync="TRUE">KDBBPS</attrlabl><attalias Sync="TRUE">KDBBPS</attalias><attrtype Sync="TRUE">String</attrtype><attwidth Sync="TRUE">50</attwidth><atprecis Sync="TRUE">0</atprecis><attscale Sync="TRUE">0</attscale></attr><attr><attrlabl Sync="TRUE">KDCBPS</attrlabl><attalias Sync="TRUE">KDCBPS</attalias><attrtype Sync="TRUE">String</attrtype><attwidth Sync="TRUE">50</attwidth><atprecis Sync="TRUE">0</atprecis><attscale Sync="TRUE">0</attscale></attr><attr><attrlabl Sync="TRUE">KDCPUM</attrlabl><attalias Sync="TRUE">KDCPUM</attalias><attrtype Sync="TRUE">String</attrtype><attwidth Sync="TRUE">50</attwidth><atprecis Sync="TRUE">0</atprecis><attscale Sync="TRUE">0</attscale></attr><attr><attrlabl Sync="TRUE">KDEBPS</attrlabl><attalias Sync="TRUE">KDEBPS</attalias><attrtype Sync="TRUE">String</attrtype><attwidth Sync="TRUE">50</attwidth><atprecis Sync="TRUE">0</atprecis><attscale Sync="TRUE">0</attscale></attr><attr><attrlabl Sync="TRUE">KDEPUM</attrlabl><attalias Sync="TRUE">KDEPUM</attalias><attrtype Sync="TRUE">String</attrtype><attwidth Sync="TRUE">50</attwidth><atprecis Sync="TRUE">0</atprecis><attscale Sync="TRUE">0</attscale></attr><attr><attrlabl Sync="TRUE">KDPBPS</attrlabl><attalias Sync="TRUE">KDPBPS</attalias><attrtype Sync="TRUE">String</attrtype><attwidth Sync="TRUE">50</attwidth><atprecis Sync="TRUE">0</atprecis><attscale Sync="TRUE">0</attscale></attr><attr><attrlabl Sync="TRUE">KDPKAB</attrlabl><attalias Sync="TRUE">KDPKAB</attalias><attrtype Sync="TRUE">String</attrtype><attwidth Sync="TRUE">50</attwidth><atprecis Sync="TRUE">0</atprecis><attscale Sync="TRUE">0</attscale></attr><attr><attrlabl Sync="TRUE">KDPPUM</attrlabl><attalias Sync="TRUE">KDPPUM</attalias><attrtype Sync="TRUE">String</attrtype><attwidth Sync="TRUE">50</attwidth><atprecis Sync="TRUE">0</atprecis><attscale Sync="TRUE">0</attscale></attr><attr><attrlabl Sync="TRUE">LUASWH</attrlabl><attalias Sync="TRUE">LUASWH</attalias><attrtype Sync="TRUE">Double</attrtype><attwidth Sync="TRUE">19</attwidth><atprecis Sync="TRUE">18</atprecis><attscale Sync="TRUE">8</attscale></attr><attr><attrlabl Sync="TRUE">TIPADM</attrlabl><attalias Sync="TRUE">TIPADM</attalias><attrtype Sync="TRUE">Integer</attrtype><attwidth Sync="TRUE">10</attwidth><atprecis Sync="TRUE">10</atprecis><attscale Sync="TRUE">0</attscale></attr><attr><attrlabl Sync="TRUE">WADMKC</attrlabl><attalias Sync="TRUE">WADMKC</attalias><attrtype Sync="TRUE">String</attrtype><attwidth Sync="TRUE">50</attwidth><atprecis Sync="TRUE">0</atprecis><attscale Sync="TRUE">0</attscale></attr><attr><attrlabl Sync="TRUE">WADMKD</attrlabl><attalias Sync="TRUE">WADMKD</attalias><attrtype Sync="TRUE">String</attrtype><attwidth Sync="TRUE">50</attwidth><atprecis Sync="TRUE">0</atprecis><attscale Sync="TRUE">0</attscale></attr><attr><attrlabl Sync="TRUE">WADMKK</attrlabl><attalias Sync="TRUE">WADMKK</attalias><attrtype Sync="TRUE">String</attrtype><attwidth Sync="TRUE">50</attwidth><atprecis Sync="TRUE">0</atprecis><attscale Sync="TRUE">0</attscale></attr><attr><attrlabl Sync="TRUE">WADMPR</attrlabl><attalias Sync="TRUE">WADMPR</attalias><attrtype Sync="TRUE">String</attrtype><attwidth Sync="TRUE">50</attwidth><atprecis Sync="TRUE">0</atprecis><attscale Sync="TRUE">0</attscale></attr><attr><attrlabl Sync="TRUE">WIADKC</attrlabl><attalias Sync="TRUE">WIADKC</attalias><attrtype Sync="TRUE">String</attrtype><attwidth Sync="TRUE">50</attwidth><atprecis Sync="TRUE">0</atprecis><attscale Sync="TRUE">0</attscale></attr><attr><attrlabl Sync="TRUE">WIADKK</attrlabl><attalias Sync="TRUE">WIADKK</attalias><attrtype Sync="TRUE">String</attrtype><attwidth Sync="TRUE">50</attwidth><atprecis Sync="TRUE">0</atprecis><attscale Sync="TRUE">0</attscale></attr><attr><attrlabl Sync="TRUE">WIADPR</attrlabl><attalias Sync="TRUE">WIADPR</attalias><attrtype Sync="TRUE">String</attrtype><attwidth Sync="TRUE">50</attwidth><atprecis Sync="TRUE">0</atprecis><attscale Sync="TRUE">0</attscale></attr><attr><attrlabl Sync="TRUE">WIADKD</attrlabl><attalias Sync="TRUE">WIADKD</attalias><attrtype Sync="TRUE">Integer</attrtype><attwidth Sync="TRUE">5</attwidth><atprecis Sync="TRUE">5</atprecis><attscale Sync="TRUE">0</attscale></attr><attr><attrlabl Sync="TRUE">SHAPE_AREA</attrlabl><attalias Sync="TRUE">SHAPE_AREA</attalias><attrtype Sync="TRUE">Double</attrtype><attwidth Sync="TRUE">19</attwidth><atprecis Sync="TRUE">0</atprecis><attscale Sync="TRUE">0</attscale><attrdef Sync="TRUE">Area of feature in internal units squared.</attrdef><attrdefs Sync="TRUE">Esri</attrdefs><attrdomv><udom Sync="TRUE">Positive real numbers that are automatically generated.</udom></attrdomv></attr><attr><attrlabl Sync="TRUE">SHAPE_LEN</attrlabl><attalias Sync="TRUE">SHAPE_LEN</attalias><attrtype Sync="TRUE">Double</attrtype><attwidth Sync="TRUE">19</attwidth><atprecis Sync="TRUE">0</atprecis><attscale Sync="TRUE">0</attscale></attr></detailed></eainfo><mdDateSt Sync="TRUE">20221225</mdDateSt></metadata>
