<metadata xml:lang="en"><Esri><CreaDate>20190115</CreaDate><CreaTime>16202100</CreaTime><ArcGISFormat>1.0</ArcGISFormat><SyncOnce>FALSE</SyncOnce><DataProperties><itemProps><itemName Sync="TRUE">RBI25K_STASIUNPASUT_PT_25K</itemName><imsContentType Sync="TRUE">002</imsContentType><itemLocation><linkage Sync="TRUE">file://\\DESKTOP-G0PEJV2\D\Data\Clip_RBI\_NuClip\DKIJakarta\25K\clip\KotaJakartaSelatan\RBI25K_STASIUNPASUT_PT_25K.shp</linkage><protocol Sync="TRUE">Local Area Network</protocol></itemLocation><itemSize Sync="TRUE">0.000</itemSize></itemProps><coordRef><type Sync="TRUE">Geographic</type><geogcsn Sync="TRUE">GCS_WGS_1984</geogcsn><csUnits Sync="TRUE">Angular Unit: Degree (0.017453)</csUnits><peXml Sync="TRUE">&lt;GeographicCoordinateSystem xsi:type='typens:GeographicCoordinateSystem' xmlns:xsi='http://www.w3.org/2001/XMLSchema-instance' xmlns:xs='http://www.w3.org/2001/XMLSchema' xmlns:typens='http://www.esri.com/schemas/ArcGIS/10.8'&gt;&lt;WKT&gt;GEOGCS[&amp;quot;GCS_WGS_1984&amp;quot;,DATUM[&amp;quot;D_WGS_1984&amp;quot;,SPHEROID[&amp;quot;WGS_1984&amp;quot;,6378137.0,298.257223563]],PRIMEM[&amp;quot;Greenwich&amp;quot;,0.0],UNIT[&amp;quot;Degree&amp;quot;,0.0174532925199433]],VERTCS[&amp;quot;EGM2008_Geoid&amp;quot;,VDATUM[&amp;quot;EGM2008_Geoid&amp;quot;],PARAMETER[&amp;quot;Vertical_Shift&amp;quot;,0.0],PARAMETER[&amp;quot;Direction&amp;quot;,1.0],UNIT[&amp;quot;Meter&amp;quot;,1.0]]&lt;/WKT&gt;&lt;XOrigin&gt;-400&lt;/XOrigin&gt;&lt;YOrigin&gt;-400&lt;/YOrigin&gt;&lt;XYScale&gt;11258999068426.238&lt;/XYScale&gt;&lt;ZOrigin&gt;-100000&lt;/ZOrigin&gt;&lt;ZScale&gt;10000&lt;/ZScale&gt;&lt;MOrigin&gt;-100000&lt;/MOrigin&gt;&lt;MScale&gt;10000&lt;/MScale&gt;&lt;XYTolerance&gt;8.983152841195215e-09&lt;/XYTolerance&gt;&lt;ZTolerance&gt;0.001&lt;/ZTolerance&gt;&lt;MTolerance&gt;0.001&lt;/MTolerance&gt;&lt;HighPrecision&gt;true&lt;/HighPrecision&gt;&lt;LeftLongitude&gt;-180&lt;/LeftLongitude&gt;&lt;WKID&gt;4326&lt;/WKID&gt;&lt;LatestWKID&gt;4326&lt;/LatestWKID&gt;&lt;VCSWKID&gt;105790&lt;/VCSWKID&gt;&lt;LatestVCSWKID&gt;3855&lt;/LatestVCSWKID&gt;&lt;/GeographicCoordinateSystem&gt;</peXml></coordRef><lineage><Process ToolSource="c:\program files (x86)\arcgis\desktop10.5\ArcToolbox\Toolboxes\Conversion Tools.tbx\FeatureClassToFeatureClass" Date="20190115" Time="162039">FeatureClassToFeatureClass D:\BIG\D\PJKGG\UPDATE_6DES18\JKG.gdb\PASUT "Database Connections\Connection to d00dbs.ina-sdi.local 25K.sde\RBI25K.REFERENSISPASIAL" STASIUNPASUT_PT_25K # "No_ "No_" true true false 8 Double 0 0 ,First,#,D:\BIG\D\PJKGG\UPDATE_6DES18\JKG.gdb\PASUT,No_,-1,-1;ID_Stasiun "ID_Stasiun" true true false 255 Text 0 0 ,First,#,D:\BIG\D\PJKGG\UPDATE_6DES18\JKG.gdb\PASUT,ID_Stasiun,-1,-1;Nama_Stasi "Nama_Stasi" true true false 255 Text 0 0 ,First,#,D:\BIG\D\PJKGG\UPDATE_6DES18\JKG.gdb\PASUT,Nama_Stasi,-1,-1;Tahun_Pemb "Tahun_Pemb" true true false 255 Text 0 0 ,First,#,D:\BIG\D\PJKGG\UPDATE_6DES18\JKG.gdb\PASUT,Tahun_Pemb,-1,-1;Lintang "Lintang" true true false 8 Double 0 0 ,First,#,D:\BIG\D\PJKGG\UPDATE_6DES18\JKG.gdb\PASUT,Lintang,-1,-1;Bujur "Bujur" true true false 8 Double 0 0 ,First,#,D:\BIG\D\PJKGG\UPDATE_6DES18\JKG.gdb\PASUT,Bujur,-1,-1;Keterangan "Keterangan" true true false 255 Text 0 0 ,First,#,D:\BIG\D\PJKGG\UPDATE_6DES18\JKG.gdb\PASUT,Keterangan,-1,-1;Desa_Kel "Desa_Kel" true true false 255 Text 0 0 ,First,#,D:\BIG\D\PJKGG\UPDATE_6DES18\JKG.gdb\PASUT,Desa_Kel,-1,-1;Kec "Kec" true true false 255 Text 0 0 ,First,#,D:\BIG\D\PJKGG\UPDATE_6DES18\JKG.gdb\PASUT,Kec,-1,-1;Kab "Kab" true true false 255 Text 0 0 ,First,#,D:\BIG\D\PJKGG\UPDATE_6DES18\JKG.gdb\PASUT,Kab,-1,-1;Prov "Prov" true true false 255 Text 0 0 ,First,#,D:\BIG\D\PJKGG\UPDATE_6DES18\JKG.gdb\PASUT,Prov,-1,-1;Sensor_1 "Sensor_1" true true false 255 Text 0 0 ,First,#,D:\BIG\D\PJKGG\UPDATE_6DES18\JKG.gdb\PASUT,Sensor_1,-1,-1;Sensor_2 "Sensor_2" true true false 255 Text 0 0 ,First,#,D:\BIG\D\PJKGG\UPDATE_6DES18\JKG.gdb\PASUT,Sensor_2,-1,-1;Sensor_3 "Sensor_3" true true false 255 Text 0 0 ,First,#,D:\BIG\D\PJKGG\UPDATE_6DES18\JKG.gdb\PASUT,Sensor_3,-1,-1;Sampling_R "Sampling_R" true true false 255 Text 0 0 ,First,#,D:\BIG\D\PJKGG\UPDATE_6DES18\JKG.gdb\PASUT,Sampling_R,-1,-1;Komunikasi "Komunikasi" true true false 255 Text 0 0 ,First,#,D:\BIG\D\PJKGG\UPDATE_6DES18\JKG.gdb\PASUT,Komunikasi,-1,-1;Nilai_LAT "Nilai_LAT" true true false 8 Double 0 0 ,First,#,D:\BIG\D\PJKGG\UPDATE_6DES18\JKG.gdb\PASUT,Nilai_LAT,-1,-1;Nilai_MSL "Nilai_MSL" true true false 8 Double 0 0 ,First,#,D:\BIG\D\PJKGG\UPDATE_6DES18\JKG.gdb\PASUT,Nilai_MSL,-1,-1;Nilai_HAT "Nilai_HAT" true true false 8 Double 0 0 ,First,#,D:\BIG\D\PJKGG\UPDATE_6DES18\JKG.gdb\PASUT,Nilai_HAT,-1,-1;Periode_Da "Periode_Da" true true false 255 Text 0 0 ,First,#,D:\BIG\D\PJKGG\UPDATE_6DES18\JKG.gdb\PASUT,Periode_Da,-1,-1;Lintang_BM "Lintang_BM" true true false 8 Double 0 0 ,First,#,D:\BIG\D\PJKGG\UPDATE_6DES18\JKG.gdb\PASUT,Lintang_BM,-1,-1;Bujur_BM "Bujur_BM" true true false 8 Double 0 0 ,First,#,D:\BIG\D\PJKGG\UPDATE_6DES18\JKG.gdb\PASUT,Bujur_BM,-1,-1;Tinggi_Ell "Tinggi_Ell" true true false 8 Double 0 0 ,First,#,D:\BIG\D\PJKGG\UPDATE_6DES18\JKG.gdb\PASUT,Tinggi_Ell,-1,-1;Tinggi_Ort "Tinggi_Ort" true true false 255 Text 0 0 ,First,#,D:\BIG\D\PJKGG\UPDATE_6DES18\JKG.gdb\PASUT,Tinggi_Ort,-1,-1;Tinggi_BM "Tinggi_BM" true true false 8 Double 0 0 ,First,#,D:\BIG\D\PJKGG\UPDATE_6DES18\JKG.gdb\PASUT,Tinggi_BM,-1,-1;Tinggi_B_1 "Tinggi_B_1" true true false 8 Double 0 0 ,First,#,D:\BIG\D\PJKGG\UPDATE_6DES18\JKG.gdb\PASUT,Tinggi_B_1,-1,-1;Tinggi_B_2 "Tinggi_B_2" true true false 8 Double 0 0 ,First,#,D:\BIG\D\PJKGG\UPDATE_6DES18\JKG.gdb\PASUT,Tinggi_B_2,-1,-1;SKETSA_UMUM "SKETSA_UMUM" true true false 255 Text 0 0 ,First,#,D:\BIG\D\PJKGG\UPDATE_6DES18\JKG.gdb\PASUT,SKETSA_UMUM,-1,-1;FOTO_BM "FOTO_BM" true true false 255 Text 0 0 ,First,#,D:\BIG\D\PJKGG\UPDATE_6DES18\JKG.gdb\PASUT,FOTO_BM,-1,-1;FOTO_PASUT "FOTO_PASUT" true true false 255 Text 0 0 ,First,#,D:\BIG\D\PJKGG\UPDATE_6DES18\JKG.gdb\PASUT,FOTO_PASUT,-1,-1" #</Process><Process ToolSource="c:\program files (x86)\arcgis\desktop10.8\ArcToolbox\Toolboxes\Analysis Tools.tbx\Clip" Date="20221225" Time="132512">Clip RBI25K.STASIUNPASUT_PT_25K D:/Data/Clip_RBI/_NuClip/DKIJakarta/25K/diss/diss_KotaJakartaSelatan_idx_.shp D:\Data\Clip_RBI\_NuClip\DKIJakarta\25K\clip\KotaJakartaSelatan\RBI25K_STASIUNPASUT_PT_25K.shp #</Process></lineage></DataProperties><SyncDate>20221225</SyncDate><SyncTime>13251100</SyncTime><ModDate>20221225</ModDate><ModTime>13251100</ModTime></Esri><dataIdInfo><envirDesc Sync="TRUE"> Version 6.2 (Build 9200) ; Esri ArcGIS 10.8.1.14362</envirDesc><dataLang><languageCode value="ind" Sync="TRUE"></languageCode><countryCode value="IDN" Sync="TRUE"></countryCode></dataLang><idCitation><resTitle Sync="TRUE">RBI25K_STASIUNPASUT_PT_25K</resTitle><presForm><PresFormCd value="005" Sync="TRUE"></PresFormCd></presForm></idCitation><spatRpType><SpatRepTypCd value="001" Sync="TRUE"></SpatRepTypCd></spatRpType></dataIdInfo><mdLang><languageCode value="ind" Sync="TRUE"></languageCode><countryCode value="IDN" Sync="TRUE"></countryCode></mdLang><distInfo><distFormat><formatName Sync="TRUE">Shapefile</formatName></distFormat><distTranOps><transSize Sync="TRUE">0.000</transSize></distTranOps></distInfo><mdHrLv><ScopeCd value="005" Sync="TRUE"></ScopeCd></mdHrLv><mdHrLvName Sync="TRUE">dataset</mdHrLvName><refSysInfo><RefSystem><refSysID><identCode code="4326" Sync="TRUE"></identCode><idCodeSpace Sync="TRUE">EPSG</idCodeSpace><idVersion Sync="TRUE">6.14(3.0.1)</idVersion></refSysID></RefSystem></refSysInfo><spatRepInfo><VectSpatRep><geometObjs Name="RBI25K_STASIUNPASUT_PT_25K"><geoObjTyp><GeoObjTypCd value="004" Sync="TRUE"></GeoObjTypCd></geoObjTyp><geoObjCnt Sync="TRUE">0</geoObjCnt></geometObjs><topLvl><TopoLevCd value="001" Sync="TRUE"></TopoLevCd></topLvl></VectSpatRep></spatRepInfo><spdoinfo><ptvctinf><esriterm Name="RBI25K_STASIUNPASUT_PT_25K"><efeatyp Sync="TRUE">Simple</efeatyp><efeageom code="1" Sync="TRUE"></efeageom><esritopo Sync="TRUE">FALSE</esritopo><efeacnt Sync="TRUE">0</efeacnt><spindex Sync="TRUE">FALSE</spindex><linrefer Sync="TRUE">TRUE</linrefer></esriterm></ptvctinf></spdoinfo><eainfo><detailed Name="RBI25K_STASIUNPASUT_PT_25K"><enttyp><enttypl Sync="TRUE">RBI25K_STASIUNPASUT_PT_25K</enttypl><enttypt Sync="TRUE">Feature Class</enttypt><enttypc Sync="TRUE">0</enttypc></enttyp><attr><attrlabl Sync="TRUE">FID</attrlabl><attalias Sync="TRUE">FID</attalias><attrtype Sync="TRUE">OID</attrtype><attwidth Sync="TRUE">4</attwidth><atprecis Sync="TRUE">0</atprecis><attscale Sync="TRUE">0</attscale><attrdef Sync="TRUE">Internal feature number.</attrdef><attrdefs Sync="TRUE">Esri</attrdefs><attrdomv><udom Sync="TRUE">Sequential unique whole numbers that are automatically generated.</udom></attrdomv></attr><attr><attrlabl Sync="TRUE">NO_</attrlabl><attalias Sync="TRUE">NO_</attalias><attrtype Sync="TRUE">Double</attrtype><attwidth Sync="TRUE">19</attwidth><atprecis Sync="TRUE">18</atprecis><attscale Sync="TRUE">8</attscale></attr><attr><attrlabl Sync="TRUE">ID_STASIUN</attrlabl><attalias Sync="TRUE">ID_STASIUN</attalias><attrtype Sync="TRUE">String</attrtype><attwidth Sync="TRUE">254</attwidth><atprecis Sync="TRUE">0</atprecis><attscale Sync="TRUE">0</attscale></attr><attr><attrlabl Sync="TRUE">NAMA_STASI</attrlabl><attalias Sync="TRUE">NAMA_STASI</attalias><attrtype Sync="TRUE">String</attrtype><attwidth Sync="TRUE">254</attwidth><atprecis Sync="TRUE">0</atprecis><attscale Sync="TRUE">0</attscale></attr><attr><attrlabl Sync="TRUE">TAHUN_PEMB</attrlabl><attalias Sync="TRUE">TAHUN_PEMB</attalias><attrtype Sync="TRUE">String</attrtype><attwidth Sync="TRUE">254</attwidth><atprecis Sync="TRUE">0</atprecis><attscale Sync="TRUE">0</attscale></attr><attr><attrlabl Sync="TRUE">LINTANG</attrlabl><attalias Sync="TRUE">LINTANG</attalias><attrtype Sync="TRUE">Double</attrtype><attwidth Sync="TRUE">19</attwidth><atprecis Sync="TRUE">18</atprecis><attscale Sync="TRUE">8</attscale></attr><attr><attrlabl Sync="TRUE">BUJUR</attrlabl><attalias Sync="TRUE">BUJUR</attalias><attrtype Sync="TRUE">Double</attrtype><attwidth Sync="TRUE">19</attwidth><atprecis Sync="TRUE">18</atprecis><attscale Sync="TRUE">8</attscale></attr><attr><attrlabl Sync="TRUE">KETERANGAN</attrlabl><attalias Sync="TRUE">KETERANGAN</attalias><attrtype Sync="TRUE">String</attrtype><attwidth Sync="TRUE">254</attwidth><atprecis Sync="TRUE">0</atprecis><attscale Sync="TRUE">0</attscale></attr><attr><attrlabl Sync="TRUE">DESA_KEL</attrlabl><attalias Sync="TRUE">DESA_KEL</attalias><attrtype Sync="TRUE">String</attrtype><attwidth Sync="TRUE">254</attwidth><atprecis Sync="TRUE">0</atprecis><attscale Sync="TRUE">0</attscale></attr><attr><attrlabl Sync="TRUE">KEC</attrlabl><attalias Sync="TRUE">KEC</attalias><attrtype Sync="TRUE">String</attrtype><attwidth Sync="TRUE">254</attwidth><atprecis Sync="TRUE">0</atprecis><attscale Sync="TRUE">0</attscale></attr><attr><attrlabl Sync="TRUE">KAB</attrlabl><attalias Sync="TRUE">KAB</attalias><attrtype Sync="TRUE">String</attrtype><attwidth Sync="TRUE">254</attwidth><atprecis Sync="TRUE">0</atprecis><attscale Sync="TRUE">0</attscale></attr><attr><attrlabl Sync="TRUE">PROV</attrlabl><attalias Sync="TRUE">PROV</attalias><attrtype Sync="TRUE">String</attrtype><attwidth Sync="TRUE">254</attwidth><atprecis Sync="TRUE">0</atprecis><attscale Sync="TRUE">0</attscale></attr><attr><attrlabl Sync="TRUE">SENSOR_1</attrlabl><attalias Sync="TRUE">SENSOR_1</attalias><attrtype Sync="TRUE">String</attrtype><attwidth Sync="TRUE">254</attwidth><atprecis Sync="TRUE">0</atprecis><attscale Sync="TRUE">0</attscale></attr><attr><attrlabl Sync="TRUE">SENSOR_2</attrlabl><attalias Sync="TRUE">SENSOR_2</attalias><attrtype Sync="TRUE">String</attrtype><attwidth Sync="TRUE">254</attwidth><atprecis Sync="TRUE">0</atprecis><attscale Sync="TRUE">0</attscale></attr><attr><attrlabl Sync="TRUE">SENSOR_3</attrlabl><attalias Sync="TRUE">SENSOR_3</attalias><attrtype Sync="TRUE">String</attrtype><attwidth Sync="TRUE">254</attwidth><atprecis Sync="TRUE">0</atprecis><attscale Sync="TRUE">0</attscale></attr><attr><attrlabl Sync="TRUE">SAMPLING_R</attrlabl><attalias Sync="TRUE">SAMPLING_R</attalias><attrtype Sync="TRUE">String</attrtype><attwidth Sync="TRUE">254</attwidth><atprecis Sync="TRUE">0</atprecis><attscale Sync="TRUE">0</attscale></attr><attr><attrlabl Sync="TRUE">KOMUNIKASI</attrlabl><attalias Sync="TRUE">KOMUNIKASI</attalias><attrtype Sync="TRUE">String</attrtype><attwidth Sync="TRUE">254</attwidth><atprecis Sync="TRUE">0</atprecis><attscale Sync="TRUE">0</attscale></attr><attr><attrlabl Sync="TRUE">NILAI_LAT</attrlabl><attalias Sync="TRUE">NILAI_LAT</attalias><attrtype Sync="TRUE">Double</attrtype><attwidth Sync="TRUE">19</attwidth><atprecis Sync="TRUE">18</atprecis><attscale Sync="TRUE">8</attscale></attr><attr><attrlabl Sync="TRUE">NILAI_MSL</attrlabl><attalias Sync="TRUE">NILAI_MSL</attalias><attrtype Sync="TRUE">Double</attrtype><attwidth Sync="TRUE">19</attwidth><atprecis Sync="TRUE">18</atprecis><attscale Sync="TRUE">8</attscale></attr><attr><attrlabl Sync="TRUE">NILAI_HAT</attrlabl><attalias Sync="TRUE">NILAI_HAT</attalias><attrtype Sync="TRUE">Double</attrtype><attwidth Sync="TRUE">19</attwidth><atprecis Sync="TRUE">18</atprecis><attscale Sync="TRUE">8</attscale></attr><attr><attrlabl Sync="TRUE">PERIODE_DA</attrlabl><attalias Sync="TRUE">PERIODE_DA</attalias><attrtype Sync="TRUE">String</attrtype><attwidth Sync="TRUE">254</attwidth><atprecis Sync="TRUE">0</atprecis><attscale Sync="TRUE">0</attscale></attr><attr><attrlabl Sync="TRUE">LINTANG_BM</attrlabl><attalias Sync="TRUE">LINTANG_BM</attalias><attrtype Sync="TRUE">Double</attrtype><attwidth Sync="TRUE">19</attwidth><atprecis Sync="TRUE">18</atprecis><attscale Sync="TRUE">8</attscale></attr><attr><attrlabl Sync="TRUE">BUJUR_BM</attrlabl><attalias Sync="TRUE">BUJUR_BM</attalias><attrtype Sync="TRUE">Double</attrtype><attwidth Sync="TRUE">19</attwidth><atprecis Sync="TRUE">18</atprecis><attscale Sync="TRUE">8</attscale></attr><attr><attrlabl Sync="TRUE">TINGGI_ELL</attrlabl><attalias Sync="TRUE">TINGGI_ELL</attalias><attrtype Sync="TRUE">Double</attrtype><attwidth Sync="TRUE">19</attwidth><atprecis Sync="TRUE">18</atprecis><attscale Sync="TRUE">8</attscale></attr><attr><attrlabl Sync="TRUE">TINGGI_ORT</attrlabl><attalias Sync="TRUE">TINGGI_ORT</attalias><attrtype Sync="TRUE">String</attrtype><attwidth Sync="TRUE">254</attwidth><atprecis Sync="TRUE">0</atprecis><attscale Sync="TRUE">0</attscale></attr><attr><attrlabl Sync="TRUE">TINGGI_BM</attrlabl><attalias Sync="TRUE">TINGGI_BM</attalias><attrtype Sync="TRUE">Double</attrtype><attwidth Sync="TRUE">19</attwidth><atprecis Sync="TRUE">18</atprecis><attscale Sync="TRUE">8</attscale></attr><attr><attrlabl Sync="TRUE">TINGGI_B_1</attrlabl><attalias Sync="TRUE">TINGGI_B_1</attalias><attrtype Sync="TRUE">Double</attrtype><attwidth Sync="TRUE">19</attwidth><atprecis Sync="TRUE">18</atprecis><attscale Sync="TRUE">8</attscale></attr><attr><attrlabl Sync="TRUE">TINGGI_B_2</attrlabl><attalias Sync="TRUE">TINGGI_B_2</attalias><attrtype Sync="TRUE">Double</attrtype><attwidth Sync="TRUE">19</attwidth><atprecis Sync="TRUE">18</atprecis><attscale Sync="TRUE">8</attscale></attr><attr><attrlabl Sync="TRUE">FOTO_BM</attrlabl><attalias Sync="TRUE">FOTO_BM</attalias><attrtype Sync="TRUE">String</attrtype><attwidth Sync="TRUE">254</attwidth><atprecis Sync="TRUE">0</atprecis><attscale Sync="TRUE">0</attscale></attr><attr><attrlabl Sync="TRUE">SKETSA_UMU</attrlabl><attalias Sync="TRUE">SKETSA_UMU</attalias><attrtype Sync="TRUE">String</attrtype><attwidth Sync="TRUE">254</attwidth><atprecis Sync="TRUE">0</atprecis><attscale Sync="TRUE">0</attscale></attr><attr><attrlabl Sync="TRUE">FOTO_PASUT</attrlabl><attalias Sync="TRUE">FOTO_PASUT</attalias><attrtype Sync="TRUE">String</attrtype><attwidth Sync="TRUE">254</attwidth><atprecis Sync="TRUE">0</atprecis><attscale Sync="TRUE">0</attscale></attr><attr><attrlabl Sync="TRUE">SHAPE</attrlabl><attalias Sync="TRUE">Shape</attalias><attrtype Sync="TRUE">Geometry</attrtype><attwidth Sync="TRUE">0</attwidth><atprecis Sync="TRUE">0</atprecis><attscale Sync="TRUE">0</attscale><attrdef Sync="TRUE">Feature geometry.</attrdef><attrdefs Sync="TRUE">Esri</attrdefs><attrdomv><udom Sync="TRUE">Coordinates defining the features.</udom></attrdomv></attr></detailed></eainfo><mdDateSt Sync="TRUE">20221225</mdDateSt></metadata>
